Workbook
Name Slicer_Variables: #N/A

Sheet F.DASHBOARD

Sheet Chemical data for power plant
A1: Date | B1: Load_MW Load | C1: Ignition Type | D1: Ammonia Kg_Day | E1: Hydrazine Kg_Day | F1: DEHA Kg_Day | G1: Phosphate_Dosage Kg_Day | H1: Condensate Ph | I1: Condensate Cond | J1: Condensate Do | K1: Boiler Ph | L1: Boiler Cond | M1: Boiler Po4 | N1: Boiler Fe | O1: Main Steam Ph | P1: Main Steam Cond | Q1: Main Steam Fe
A2: 45296 | B2: 480 | C2: gas | D2: 12.5 | E2: 12.5 | F2: 0 | G2: 3.5 | H2: 9.4 | I2: 3.6 | J2: 6.2 | K2: 9.6 | L2: 12.5 | M2: 3.2 | N2: 2.1 | O2: 9.4 | P2: 5.8 | Q2: 1.2
A3: 45301 | B3: 490 | C3: gas | D3: 12.5 | E3: 11.8 | F3: 6 | G3: 3.5 | H3: 9.3 | I3: 3.8 | J3: 5.8 | K3: 9.5 | L3: 13.1 | M3: 3.5 | N3: 1.8 | O3: 9.3 | P3: 6.2 | Q3: 0.9
A4: 45306 | B4: 470 | C4: Diesel | D4: 9 | E4: 15 | F4: 7 | G4: 2.5 | H4: 8.1 | I4: 3.3 | J4: 4.5 | K4: 9.7 | L4: 11.9 | M4: 4.2 | N4: 5.3 | O4: 9.5 | P4: 4.5 | Q4: 1.8
A5: 45311 | B5: 500 | C5: Diesel | D5: 9 | E5: 14.5 | F5: 2 | G5: 2.5 | H5: 9.2 | I5: 4 | J5: 7.5 | K5: 9.4 | L5: 14 | M5: 4.5 | N5: 3.8 | O5: 9.2 | P5: 7.2 | Q5: 2.2
A6: 45316 | B6: 510 | C6: gas | D6: 12 | E6: 14.2 | F6: 3 | G6: 3.2 | H6: 9.2 | I6: 3.9 | J6: 7.1 | K6: 8 | L6: 13.8 | M6: 3.8 | N6: 2.8 | O6: 9.2 | P6: 7.1 | Q6: 1.5
A7: 45321 | B7: 495 | C7: Diesel | D7: 12 | E7: 13.8 | F7: 0 | G7: 3.2 | H7: 9.1 | I7: 4.2 | J7: 6.8 | K7: 9.3 | L7: 14.2 | M7: 4.3 | N7: 3.2 | O7: 9.1 | P7: 7.5 | Q7: 1.9
A8: 45327 | B8: 495 | C8: Diesel | D8: 12 | E8: 8.5 | F8: 3 | G8: 3.2 | H8: 9.3 | I8: 3.7 | J8: 5.9 | K8: 9.5 | L8: 12.9 | M8: 3.1 | N8: 2.3 | O8: 9.3 | P8: 6.5 | Q8: 1.1
A9: 45332 | B9: 505 | C9: gas | D9: 9.5 | E9: 7.2 | F9: 4 | G9: 2.8 | H9: 9.4 | I9: 3.5 | J9: 4.8 | K9: 9.6 | L9: 12.2 | M9: 3.7 | N9: 1.9 | O9: 9.4 | P9: 5.2 | Q9: 0.8
A10: 45337 | B10: 500 | C10: Diesel | D10: 9.5 | E10: 5.2 | F10: 6 | G10: 2.8 | H10: 9.1 | I10: 4.1 | J10: 6.5 | K10: 9.3 | L10: 14.2 | M10: 4.5 | N10: 3.5 | O10: 9.1 | P10: 7.8 | Q10: 1.9
A11: 45342 | B11: 485 | C11: Diesel | D11: 13 | E11: 3.2 | F11: 8 | G11: 3.8 | H11: 9.2 | I11: 3.8 | J11: 5.7 | K11: 9.4 | L11: 13.5 | M11: 4.2 | N11: 2.9 | O11: 9.2 | P11: 6.9 | Q11: 1.6
A12: 45347 | B12: 510 | C12: gas | D12: 13 | E12: 1.5 | F12: 9 | G12: 3.8 | H12: 9.5 | I12: 3.4 | J12: 4 | K12: 9.7 | L12: 11.8 | M12: 3.4 | N12: 1.5 | O12: 9.5 | P12: 4.7 | Q12: 0.6
A13: 45352 | B13: 495 | C13: gas | D13: 13 | E13: 6.7 | F13: 6 | G13: 3.8 | H13: 9.4 | I13: 3.4 | J13: 4.2 | K13: 9.7 | L13: 13.3 | M13: 3.6 | N13: 6.7 | O13: 9.4 | P13: 4.8 | Q13: 0.7
... A72: 45656 | B72: 490 | C72: gas | D72: 14 | E72: 8.5 | F72: 10 | G72: 4.3 | H72: 9.5 | I72: 3.7 | J72: 4.3 | K72: 9.6 | L72: 12.5 | M72: 3.1 | N72: 1.7 | O72: 9.5 | P72: 5.3 | Q72: 0.8

Sheet Descriptive Statistics  EEQUAL
A1: descriptive Statistics | G1: Correlation Matrix Between Load and
A2: Variables | B2: MIN | C2: MAX | D2: Average | E2: TOTAL | F2: STDEV الانحراف المعياري
A3: Unit Load MW | B3: 465 | C3: 537 | D3: 499.98592
A4: Ammonia_Dosage_Kg | B4: 9 | C4: 14 | D4: 11.8 | E4: 837.8 | F4: 1.7433172 | G4: -0.11990094
A5: Hydrazine_Dosage_Kg | B5: 1.5 | C5: 15 | D5: 9.1309859 | E5: 648.3 | F5: 3.4928737 | G5: 0.039723609
A6: DEHA Dosage Kg_Day | B6: 0 | C6: 17 | D6: 9.7887324 | E6: 695 | F6: 3.7675991 | G6: 0.26906883
A7: Phosphate_Dosage_Kg | B7: 2.5 | C7: 4.3 | D7: 3.415493 | E7: 242.5 | F7: 0.52397395 | G7: -0.076077661
A8: Condensate Ph | B8: 8.1 | C8: 9.7 | D8: 9.2816901 | F8: 0.25636124 | G8: -0.19653408
A9: Condensate Cond | B9: 3.3 | C9: 4.7 | D9: 3.8690141 | F9: 0.34502155 | G9: 0.29653217
A10: Condensate Do | B10: 3.5 | C10: 9.8 | D10: 5.7732394 | F10: 1.6093878 | G10: 0.29045014
A11: Boiler Ph | B11: 8 | C11: 9.9 | D11: 9.4605634 | F11: 0.26509572 | G11: -0.32808404
A12: Boiler Cond | B12: 6.7 | C12: 16.8 | D12: 13.195775 | F12: 1.6600048 | G12: 0.33380694
A13: Boiler Po4 | B13: 2.7 | C13: 6 | D13: 4.0169014 | F13: 0.88984663 | G13: 0.29226298
A14: Boiler Fe | B14: 1.1 | C14: 7.9 | D14: 3.2830986 | F14: 1.6961419 | G14: 0.15409101
A15: Main Steam Ph | B15: 8.7 | C15: 9.7 | D15: 9.3014085 | F15: 0.21525809 | G15: -0.39201167
A16: Main Steam Cond | B16: 4.5 | C16: 9.5 | D16: 6.5267606 | F16: 1.4192795 | G16: 0.26860287
A17: Main Steam Fe | B17: 0.4 | C17: 7.8 | D17: 2.0830986 | F17: 1.8063258 | G17: 0.10880424

Sheet boiler
A2: Ignition Type | B2: (All)
A3: Load_MW Load | B3: (All)
A5: Row Labels | B5: CONDUCTIVITY | C5: PH | D5: po4 | E5: Average of Fe | F5: Sum of Phosphate_Dosage Kg_Day
A6: Jan | B6: 13.25 | C6: 9.25 | D6: 3.9166667 | E6: 3.1666667 | F6: 18.4
A7: Feb | B7: 12.92 | C7: 9.5 | D7: 3.78 | E7: 2.42 | F7: 16.4
A8: Mar | B8: 12.55 | C8: 9.55 | D8: 4 | E8: 3.2666667 | F8: 19.5
A9: Apr | B9: 13.516667 | C9: 9.4833333 | D9: 3.9333333 | E9: 3.45 | F9: 19.8
A10: May | B10: 13.383333 | C10: 9.45 | D10: 4.1333333 | E10: 4.1 | F10: 19.9
A11: Jun | B11: 12.166667 | C11: 9.55 | D11: 3.9 | E11: 2.4666667 | F11: 20.4
A12: Jul | B12: 12.416667 | C12: 9.4666667 | D12: 3.9833333 | E12: 3.6666667 | F12: 20.5
A13: Aug | B13: 13.433333 | C13: 9.45 | D13: 4.1833333 | E13: 3.65 | F13: 21
A14: Sep | B14: 14.466667 | C14: 9.4 | D14: 4.2333333 | E14: 4.75 | F14: 21.1
A15: Oct | B15: 13.283333 | C15: 9.4833333 | D15: 3.9666667 | E15: 2.65 | F15: 21.6
A16: Nov | B16: 13.616667 | C16: 9.45 | D16: 4.15 | E16: 3 | F16: 21.7
A17: Dec | B17: 13.3 | C17: 9.5 | D17: 3.9833333 | E17: 2.6666667 | F17: 22.2
A18: Grand Total | B18: 13.195775 | C18: 9.4605634 | D18: 4.0169014 | E18: 3.2830986 | F18: 242.5

Sheet Chart for condenser with HYDRAZ
A2: Ignition Type | B2: (All)
A3: Load_MW Load | B3: (All)
A5: Row Labels | B5: Average of Condensate Do | C5: Sum of Hydrazine Kg_Day | D5: Sum of DEHA Kg_Day
A6: Jan | B6: 6.3166667 | C6: 81.8 | D6: 18
A7: Feb | B7: 5.38 | C7: 25.6 | D7: 30
A8: Mar | B8: 5.05 | C8: 47.3 | D8: 63
A9: Apr | B9: 5.75 | C9: 56.3 | D9: 62
A10: May | B10: 6.1833333 | C10: 59 | D10: 60
A11: Jun | B11: 5.5333333 | C11: 53.4 | D11: 55
A12: Jul | B12: 5.7833333 | C12: 51.3 | D12: 61
A13: Aug | B13: 5.95 | C13: 55.9 | D13: 64
A14: Sep | B14: 5.8333333 | C14: 50.7 | D14: 66
A15: Oct | B15: 5.7 | C15: 47.8 | D15: 74
A16: Nov | B16: 6.1 | C16: 63.8 | D16: 76
A17: Dec | B17: 5.6333333 | C17: 55.4 | D17: 66
A18: Grand Total | B18: 5.7732394 | C18: 648.3 | D18: 695

Sheet DASHBOARD

Sheet main steam
A1: Ignition Type | B1: (All)
A2: Load_MW Load | B2: (All)
A4: Row Labels | B4: Average of Main Steam Ph | C4: Average of Main Steam Fe | D4: Average of Main Steam Cond
A5: Jan | B5: 9.2833333 | C5: 1.5833333 | D5: 6.3833333
A6: Feb | B6: 9.3 | C6: 1.2 | D6: 6.22
A7: Mar | B7: 9.35 | C7: 3.0833333 | D7: 6.2333333
A8: Apr | B8: 9.2666667 | C8: 1.45 | D8: 6.5166667
A9: May | B9: 9.25 | C9: 2.75 | D9: 6.75
A10: Jun | B10: 9.3833333 | C10: 1.85 | D10: 6.4
A11: Jul | B11: 9.3 | C11: 2.55 | D11: 6.4666667
A12: Aug | B12: 9.2833333 | C12: 2.8 | D12: 6.7
A13: Sep | B13: 9.2333333 | C13: 1.8333333 | D13: 6.8833333
A14: Oct | B14: 9.3166667 | C14: 2.6333333 | D14: 6.45
A15: Nov | B15: 9.3166667 | C15: 1.6666667 | D15: 6.7666667
A16: Dec | B16: 9.3333333 | C16: 1.45 | D16: 6.5
A17: Grand Total | B17: 9.3014085 | C17: 2.0830986 | D17: 6.5267606

Sheet Chart for condenser with DEHA F
A1: Ignition Type | B1: (All)
A2: Load_MW Load | B2: (All)
A4: Row Labels | B4: Average of Condensate Ph | C4: Average of Condensate Cond | D4: Sum of Ammonia Kg_Day
A5: Jan | B5: 9.05 | C5: 3.8 | D5: 67
A6: Feb | B6: 9.3 | C6: 3.7 | D6: 57
A7: Mar | B7: 9.3166667 | C7: 3.75 | D7: 69.2
A8: Apr | B8: 9.25 | C8: 3.9166667 | D8: 69.6
A9: May | B9: 9.25 | C9: 3.9166667 | D9: 69.8
A10: Jun | B10: 9.4333333 | C10: 3.8333333 | D10: 70.8
A11: Jul | B11: 9.3 | C11: 3.8833333 | D11: 71
A12: Aug | B12: 9.2833333 | C12: 3.9166667 | D12: 71.8
A13: Sep | B13: 9.2333333 | C13: 4 | D13: 72
A14: Oct | B14: 9.3166667 | C14: 3.8833333 | D14: 72.8
A15: Nov | B15: 9.3166667 | C15: 3.9333333 | D15: 73
A16: Dec | B16: 9.3333333 | C16: 3.8666667 | D16: 73.8
A17: Grand Total | B17: 9.2816901 | C17: 3.8690141 | D17: 837.8

Sheet Sheet6
A3: Average of Ammonia_Dosage_Kg | B3: Average of Hydrazine_Dosage_Kg | C3: Average of DEHA Dosage Kg_Day | D3: Average of Phosphate_Dosage_Kg | E3: Average of Condensate Ph | F3: Average of Condensate Cond | G3: Average of Condensate Do | H3: Average of Boiler ph | I3: Average of Main Steam Fe | J3: Average of Main Steam Ph | K3: Average of Boiler Fe | L3: Sum of Boiler Po4 | M3: Average of Boiler | N3: Average of Main Steam Cond
A4: 11.8 | B4: 9.1309859 | C4: 9.7887324 | D4: 3.415493 | E4: 9.2816901 | F4: 3.8690141 | G4: 5.7732394 | H4: 9.4605634 | I4: 2.0830986 | J4: 9.3014085 | K4: 3.2830986 | L4: 4.0169014 | M4: 13.195775 | N4: 6.5267606

Sheet SLICER
A3: Row Labels | B3: Average of Average
A4: Ammonia_Dosage_Kg | B4: 11.8
A5: Grand Total | B5: 11.8

Sheet descriptive Statistics VALUES
A1: descriptive Statistics | G1: Correlation Matrix Between Load and
A2: Variables | B2: Min | C2: Max | D2: Average | E2: Total | F2: STDEV الانحراف المعياري
A3: Unit Load MW | B3: =MIN('Chemical data for power plant'!$B$2:$B$72) -> 465 | C3: =MAX('Chemical data for power plant'!$B$2:$B$72) -> 537 | D3: =AVERAGE('Chemical data for power plant'!$B$2:$B$72) -> 499.98592
A4: Ammonia_Dosage_Kg | B4: =MIN('Chemical data for power plant'!$D$2:$D$72) -> 9 | C4: =MAX('Chemical data for power plant'!$D$2:$D$72) -> 14 | D4: =AVERAGE('Chemical data for power plant'!$D$2:$D$72) -> 11.8 | E4: =SUM('Chemical data for power plant'!D2:D72) -> 837.8 | F4: =_xlfn.STDEV.P('Chemical data for power plant'!$D$2:$D$72) -> 1.7433172 | G4: =CORREL('Chemical data for power plant'!$B:$B,'Chemical data for power plant'!$D:$D) -> -0.11990094
A5: Hydrazine_Dosage_Kg | B5: =MIN('Chemical data for power plant'!$E$2:$E$72) -> 1.5 | C5: =MAX('Chemical data for power plant'!$E$2:$E$72) -> 15 | D5: =AVERAGE('Chemical data for power plant'!$E$2:$E$72) -> 9.1309859 | E5: =SUM('Chemical data for power plant'!E2:E72) -> 648.3 | F5: =_xlfn.STDEV.P('Chemical data for power plant'!$E$2:$E$72) -> 3.4928737 | G5: =CORREL('Chemical data for power plant'!$B:$B,'Chemical data for power plant'!$E:$E) -> 0.039723609
A6: DEHA Dosage Kg_Day | B6: =MIN('Chemical data for power plant'!$F$2:$F$72) -> 0 | C6: =MAX('Chemical data for power plant'!$F$2:$F$72) -> 17 | D6: =AVERAGE('Chemical data for power plant'!$F$2:$F$72) -> 9.7887324 | E6: =SUM('Chemical data for power plant'!F2:F72) -> 695 | F6: =_xlfn.STDEV.P('Chemical data for power plant'!$F$2:$F$72) -> 3.7675991 | G6: =CORREL('Chemical data for power plant'!$B:$B,'Chemical data for power plant'!$F:$F) -> 0.26906883 | L6: Variables | M6: Average
A7: Phosphate_Dosage_Kg | B7: =MIN('Chemical data for power plant'!$G$2:$G$72) -> 2.5 | C7: =MAX('Chemical data for power plant'!$G$2:$G$72) -> 4.3 | D7: =AVERAGE('Chemical data for power plant'!$G$2:$G$72) -> 3.415493 | E7: =SUM('Chemical data for power plant'!G2:G72) -> 242.5 | F7: =_xlfn.STDEV.P('Chemical data for power plant'!$G$2:$G$72) -> 0.52397395 | G7: =CORREL('Chemical data for power plant'!$B:$B,'Chemical data for power plant'!$G:$G) -> -0.076077661 | L7: Unit Load MW | M7: 499.98592
A8: Condensate Ph | B8: =MIN('Chemical data for power plant'!$H$2:$H$72) -> 8.1 | C8: =MAX('Chemical data for power plant'!$H$2:$H$72) -> 9.7 | D8: =AVERAGE('Chemical data for power plant'!$H$2:$H$72) -> 9.2816901 | F8: =_xlfn.STDEV.P('Chemical data for power plant'!$H$2:$H$72) -> 0.25636124 | G8: =CORREL('Chemical data for power plant'!$B:$B,'Chemical data for power plant'!$H:$H) -> -0.19653408 | L8: Ammonia_Dosage_Kg | M8: 11.8
A9: Condensate Cond | B9: =MIN('Chemical data for power plant'!$I$2:$I$72) -> 3.3 | C9: =MAX('Chemical data for power plant'!$I$2:$I$72) -> 4.7 | D9: =AVERAGE('Chemical data for power plant'!$I$2:$I$72) -> 3.8690141 | F9: =_xlfn.STDEV.P('Chemical data for power plant'!$I$2:$I$72) -> 0.34502155 | G9: =CORREL('Chemical data for power plant'!$B:$B,'Chemical data for power plant'!$I:$I) -> 0.29653217 | L9: Hydrazine_Dosage_Kg | M9: 9.1309859
A10: Condensate Do | B10: =MIN('Chemical data for power plant'!$J$2:$J$72) -> 3.5 | C10: =MAX('Chemical data for power plant'!$J$2:$J$72) -> 9.8 | D10: =AVERAGE('Chemical data for power plant'!$J$2:$J$72) -> 5.7732394 | F10: =_xlfn.STDEV.P('Chemical data for power plant'!$J$2:$J$72) -> 1.6093878 | G10: =CORREL('Chemical data for power plant'!$B:$B,'Chemical data for power plant'!$J:$J) -> 0.29045014 | L10: DEHA Dosage Kg_Day | M10: 9.7887324
A11: Boiler Ph | B11: =MIN('Chemical data for power plant'!$K$2:$K$72) -> 8 | C11: =MAX('Chemical data for power plant'!$K$2:$K$72) -> 9.9 | D11: =AVERAGE('Chemical data for power plant'!$K$2:$K$72) -> 9.4605634 | F11: =_xlfn.STDEV.P('Chemical data for power plant'!$K$2:$K$72) -> 0.26509572 | G11: =CORREL('Chemical data for power plant'!$B:$B,'Chemical data for power plant'!$K:$K) -> -0.32808404 | L11: Phosphate_Dosage_Kg | M11: 3.415493
A12: Boiler Cond | B12: =MIN('Chemical data for power plant'!$L$2:$L$72) -> 6.7 | C12: =MAX('Chemical data for power plant'!$L$2:$L$72) -> 16.8 | D12: =AVERAGE('Chemical data for power plant'!$L$2:$L$72) -> 13.195775 | F12: =_xlfn.STDEV.P('Chemical data for power plant'!$L$2:$L$72) -> 1.6600048 | G12: =CORREL('Chemical data for power plant'!$B:$B,'Chemical data for power plant'!$L:$L) -> 0.33380694 | L12: Condensate Ph | M12: 9.2816901
A13: Boiler Po4 | B13: =MIN('Chemical data for power plant'!$M$2:$M$72) -> 2.7 | C13: =MAX('Chemical data for power plant'!$M$2:$M$72) -> 6 | D13: =AVERAGE('Chemical data for power plant'!$M$2:$M$72) -> 4.0169014 | F13: =_xlfn.STDEV.P('Chemical data for power plant'!$M$2:$M$72) -> 0.88984663 | G13: =CORREL('Chemical data for power plant'!$B:$B,'Chemical data for power plant'!$M:$M) -> 0.29226298 | L13: Condensate Cond | M13: 3.8690141
A14: Boiler Fe | B14: =MIN('Chemical data for power plant'!$N$2:$N$72) -> 1.1 | C14: =MAX('Chemical data for power plant'!$N$2:$N$72) -> 7.9 | D14: =AVERAGE('Chemical data for power plant'!$N$2:$N$72) -> 3.2830986 | F14: =_xlfn.STDEV.P('Chemical data for power plant'!$N$2:$N$72) -> 1.6961419 | G14: =CORREL('Chemical data for power plant'!$B:$B,'Chemical data for power plant'!$N:$N) -> 0.15409101 | L14: Condensate Do | M14: 5.7732394
A15: Main Steam Ph | B15: =MIN('Chemical data for power plant'!$O$2:$O$72) -> 8.7 | C15: =MAX('Chemical data for power plant'!$O$2:$O$72) -> 9.7 | D15: =AVERAGE('Chemical data for power plant'!$O$2:$O$72) -> 9.3014085 | F15: =_xlfn.STDEV.P('Chemical data for power plant'!$O$2:$O$72) -> 0.21525809 | G15: =CORREL('Chemical data for power plant'!$B:$B,'Chemical data for power plant'!$O:$O) -> -0.39201167 | L15: Boiler Ph | M15: 9.4605634
A16: Main Steam Cond | B16: =MIN('Chemical data for power plant'!$P$2:$P$72) -> 4.5 | C16: =MAX('Chemical data for power plant'!$P$2:$P$72) -> 9.5 | D16: =AVERAGE('Chemical data for power plant'!$P$2:$P$72) -> 6.5267606 | F16: =_xlfn.STDEV.P('Chemical data for power plant'!$P$2:$P$72) -> 1.4192795 | G16: =CORREL('Chemical data for power plant'!$B:$B,'Chemical data for power plant'!$P:$P) -> 0.26860287 | L16: Boiler Cond | M16: 13.195775
A17: Main Steam Fe | B17: =MIN('Chemical data for power plant'!$Q$2:$Q$72) -> 0.4 | C17: =MAX('Chemical data for power plant'!$Q$2:$Q$72) -> 7.8 | D17: =AVERAGE('Chemical data for power plant'!$Q$2:$Q$72) -> 2.0830986 | F17: =_xlfn.STDEV.P('Chemical data for power plant'!$Q$2:$Q$72) -> 1.8063258 | G17: =CORREL('Chemical data for power plant'!$B:$B,'Chemical data for power plant'!$Q:$Q) -> 0.10880424 | L17: Boiler Po4 | M17: 4.0169014
L18: Boiler Fe | M18: 3.2830986
L19: Main Steam Ph | M19: 9.3014085
L20: Main Steam Cond | M20: 6.5267606
L21: Main Steam Fe | M21: 2.0830986

Sheet Sheet4
A3: Sum of Ammonia Kg_Day | B3: Sum of Hydrazine Kg_Day | C3: Sum of DEHA Kg_Day | D3: Sum of Phosphate_Dosage Kg_Day
A4: 837.8 | B4: 648.3 | C4: 695 | D4: 242.5
A7: CHEMICHAL | B7: QUANTITY OF INJECTION | C7: DIFF
A8: Sum of Ammonia | B8: 837.8 | C8: =1000-B8 -> 162.2
A9: Sum of Hydrazine | B9: 648.3 | C9: =1000-B9 -> 351.7
A10: Sum of DEHA | B10: 695 | C10: =1000-B10 -> 305
A11: Sum of Phosphate | B11: 242.5 | C11: =1000-B11 -> 757.5
